1717,66,single,Gavan Botcherby,gbotcherby0@woothemes.com,(247) 9016734
3031,95,married,Stevana Girdwood,sgirdwood1@uol.com.br,(135) 5394625
4614,94,single,Timoteo Schultz,tschultz2@last.fm,(326) 7548178
3783,79,married,Hendrik Sweetmore,hsweetmore3@bandcamp.com,(132) 9022400
1361,34,divorced,Dario Horribine,dhorribine4@newyorker.com,(529) 4358243
2283,97,divorced,Aila Racine,aracine5@fotki.com,(931) 6472381
1756,12,divorced,Massimiliano Godmar,mgodmar6@pbs.org,(903) 4369544
1885,21,married,Mal Voyce,mvoyce7@ebay.co.uk,(854) 3265889
3933,33,single,Clyve Smee,csmee8@shutterfly.com,(515) 5786723
3770,61,married,Wendall Vicent,wvicent9@wikimedia.org,(253) 1572673
4126,68,single,Wilone Egdale,wegdalea@cloudflare.com,(269) 2051168
3408,89,married,Essa Oleszcuk,eoleszcukb@furl.net,(290) 6641026
3760,55,single,Nikoletta Rahill,nrahillc@facebook.com,(446) 7263394
1090,7,single,Shalna Southerton,ssouthertond@biglobe.ne.jp,(117) 7155909
2089,88,divorced,Ginelle Ondracek,gondraceke@phoca.cz,(551) 3872094
4654,35,married,Clementina Sculpher,csculpherf@indiatimes.com,(935) 8832282
3649,18,single,Creighton Standbridge,cstandbridgeg@prnewswire.com,(982) 9990493
1148,27,divorced,Parry Giacopazzi,pgiacopazzih@uol.com.br,(914) 8414146
910,39,married,Marris Cuffin,mcuffini@vimeo.com,(881) 6416528
1912,57,single,Gustavo Grisenthwaite,ggrisenthwaitej@disqus.com,(834) 1279306
4555,11,divorced,Farly Brownscombe,fbrownscombek@sourceforge.net,(947) 8832411
515,32,single,Stanislaus Shreve,sshrevel@is.gd,(550) 5668185
3273,71,single,Danya Fabbro,dfabbrom@nationalgeographic.com,(771) 9143303
4535,14,married,Maegan Biasetti,mbiasettin@theatlantic.com,(592) 4687980
638,74,divorced,Holly-anne Offener,hoffenero@samsung.com,(921) 7895669
4878,49,divorced,Correy Deeman,cdeemanp@webnode.com,(614) 1004010
2370,81,married,Suzie Obell,sobellq@buzzfeed.com,(423) 2438107
543,1,single,Zola Robertet,zrobertetr@twitpic.com,(197) 3553885
4143,8,married,Bernice Marston,bmarstons@mysql.com,(254) 3280468
4009,39,single,Emmy Kleinstein,ekleinsteint@163.com,(139) 3760240
1035,56,married,Lindon Allmann,lallmannu@unblog.fr,(136) 4796521
1736,81,divorced,Traci Blade,tbladev@4shared.com,(648) 3470081
386,13,divorced,Ariela Topper,atopperw@arstechnica.com,(182) 2084412
2064,8,single,Debora Pavier,dpavierx@google.nl,(471) 5957216
745,72,married,Robin Letchford,rletchfordy@sbwire.com,(643) 2826634
4929,3,married,Broddy Launchbury,blaunchburyz@vinaora.com,(857) 5788931
1288,39,single,Maible Lentsch,mlentsch10@mac.com,(206) 7281573
907,3,single,Barde Lasslett,blasslett11@wp.com,(403) 4210922
1693,93,married,Zarla Houtbie,zhoutbie12@flickr.com,(781) 1404690
3959,84,single,Melinda Proughten,mproughten13@domainmarket.com,(824) 6743084
1265,33,married,Willow Ewins,wewins14@wikipedia.org,(389) 3087038
3920,56,divorced,Merrel Ferrari,mferrari15@smh.com.au,(979) 1385967
3900,52,divorced,Roderic Pleat,rpleat16@odnoklassniki.ru,(816) 2579867
2116,46,single,Felike Bienvenu,fbienvenu17@cbslocal.com,(232) 5153083
438,70,single,Wynne Worviell,wworviell18@github.io,(506) 1951535
3667,68,divorced,Fleurette Truelock,ftruelock19@google.com,(798) 7026389
1962,64,single,Payton Stangoe,pstangoe1a@auda.org.au,(118) 4430269
2144,67,single,Cynthea Preddle,cpreddle1b@hp.com,(347) 2245394
3925,78,married,Trumaine Elman,telman1c@i2i.jp,(438) 3368017
3199,47,married,Bobbi Durham,bdurham1d@baidu.com,(492) 2720106
289,5,married,Maximilien Pedrick,mpedrick1e@geocities.com,(731) 6143321
842,6,married,Cindie Tabbernor,ctabbernor1f@reference.com,(627) 9585495
2142,64,single,Wallie Championnet,wchampionnet1g@odnoklassniki.ru,(608) 7866340
1180,6,divorced,Feodora Longcaster,flongcaster1h@163.com,(526) 9472955
529,49,married,Opalina Hankinson,ohankinson1i@wordpress.org,(775) 5745103
1922,100,single,Bar Rickard,brickard1j@a8.net,(129) 2772817
1465,22,single,Tamiko Bellini,tbellini1k@gravatar.com,(432) 7072698
3326,36,single,Mendel Hawyes,mhawyes1l@google.fr,(281) 6977240
4355,39,divorced,Malissia Jehu,mjehu1m@bluehost.com,(661) 2347060
2618,55,married,Josy Dalmon,jdalmon1n@youku.com,(689) 5881154
1023,16,single,Heall Parkhouse,hparkhouse1o@edublogs.org,(840) 6587029
984,98,single,Emmie Menel,emenel1p@w3.org,(989) 2570246
4003,78,married,Kerrin Infante,kinfante1q@amazon.co.jp,(150) 9234702
3697,50,single,Glenden Poland,gpoland1r@gmpg.org,(397) 1424990
653,18,single,Anette Lapere,alapere1s@w3.org,(837) 4147454
1230,32,divorced,Cindelyn Timmes,ctimmes1t@comsenz.com,(950) 3143831
2321,57,single,Claretta Brenneke,cbrenneke1u@admin.ch,(204) 2598852
1439,89,married,Valeria Dressel,vdressel1v@bbb.org,(939) 3387838
2047,29,married,Kenyon Engel,kengel1w@usda.gov,(845) 2371558
3046,54,single,Rivi Guillon,rguillon1x@51.la,(717) 3208040
1631,33,divorced,Kassie Ewbanks,kewbanks1y@cbc.ca,(278) 1705296
3369,73,divorced,Timofei Espie,tespie1z@quantcast.com,(706) 2344664
3663,50,married,Nannette Dobell,ndobell20@t-online.de,(277) 4590270
4219,54,single,Marcelo MacTeggart,mmacteggart21@symantec.com,(139) 5620746
3992,53,single,Cchaddie Lucey,clucey22@tmall.com,(542) 5868747
235,15,single,Biddy Penlington,bpenlington23@4shared.com,(758) 9678049
3304,67,married,Leola Govern,lgovern24@independent.co.uk,(464) 2374377
646,96,married,Yasmin Giraux,ygiraux25@theguardian.com,(466) 9029877
2862,88,divorced,Maible Haseldine,mhaseldine26@infoseek.co.jp,(743) 2285365
4272,64,divorced,Suki Dameisele,sdameisele27@prweb.com,(381) 2014968
2999,64,divorced,Carmita Degue,cdegue28@fda.gov,(348) 2261803
1794,96,single,Theresa Belchambers,tbelchambers29@tinyurl.com,(588) 4954979
404,53,single,Paula Matteuzzi,pmatteuzzi2a@slate.com,(235) 6801049
440,22,divorced,Judith Twiggs,jtwiggs2b@bing.com,(476) 7787647
3086,51,divorced,Harmonia Spavins,hspavins2c@toplist.cz,(684) 7193393
950,53,single,Hamel Scrase,hscrase2d@infoseek.co.jp,(805) 5309818
4266,70,divorced,Chandal Bernadot,cbernadot2e@t-online.de,(667) 8730530
3835,16,divorced,Salvador Limpkin,slimpkin2f@unesco.org,(774) 3479388
162,26,married,Tyne Petchey,tpetchey2g@deviantart.com,(516) 6544636
3901,3,divorced,Ardyth Redihough,aredihough2h@nymag.com,(919) 1481674
916,9,married,Ferdinanda Shelton,fshelton2i@boston.com,(124) 6837510
2894,54,married,Horace Larn,hlarn2j@washington.edu,(986) 8077720
3949,48,single,Dill Crosher,dcrosher2k@ocn.ne.jp,(898) 4057659
1260,76,married,Con Eitter,ceitter2l@istockphoto.com,(676) 4720831
2507,79,single,Zebadiah Hughs,zhughs2m@example.com,(595) 9843547
2690,51,single,Dorie Hofler,dhofler2n@biblegateway.com,(281) 5524339
4629,56,married,Annie Dixey,adixey2o@alibaba.com,(420) 2205579
4547,64,divorced,Issi Ciciotti,iciciotti2p@spotify.com,(251) 5775319
1542,48,married,Matthus Gallymore,mgallymore2q@ibm.com,(603) 2413355
687,40,married,Abbe Brislen,abrislen2r@creativecommons.org,(251) 5963719
3993,69,single,Siana Soutar,ssoutar2s@prlog.org,(687) 9214853
4142,82,single,Beth Noden,bnoden2t@dmoz.org,(696) 9524552
2032,82,divorced,Dru Oldred,doldred2u@earthlink.net,(730) 2809045
3351,90,married,Frederique MacMychem,fmacmychem2v@rediff.com,(821) 6709720
1512,26,married,Marilee Landsbury,mlandsbury2w@patch.com,(435) 7493431
678,23,divorced,Art O' Cloney,ao2x@drupal.org,(395) 3888864
535,100,divorced,Dyanna Wheaton,dwheaton2y@mac.com,(942) 1220614
1470,78,married,Marcela ducarme,mducarme2z@dagondesign.com,(507) 5305152
1862,15,single,Gabriell Badsey,gbadsey30@zimbio.com,(465) 1614731
3606,32,single,Betty Balme,bbalme31@google.cn,(196) 6668437
3471,79,divorced,Kendell Castagnone,kcastagnone32@woothemes.com,(614) 5542147
292,23,divorced,Heath Shrive,hshrive33@webnode.com,(552) 1478712
3305,55,single,Fernande Newiss,fnewiss34@uiuc.edu,(297) 7977252
4238,2,married,Emelia Dymond,edymond35@ebay.co.uk,(587) 2974138
2382,17,divorced,Katerina Nangle,knangle36@mediafire.com,(749) 6596103
2945,92,married,Wilfred Decker,wdecker37@about.me,(989) 1155361
3333,50,divorced,Carlee Stolz,cstolz38@yellowpages.com,(766) 2992053
2521,5,married,Fredia Salvadori,fsalvadori39@devhub.com,(320) 6090031
2194,35,married,Theressa Balsellie,tbalsellie3a@thetimes.co.uk,(219) 5999997
2073,70,single,Matti Roskilly,mroskilly3b@mozilla.org,(680) 1052273
2453,18,single,Kelcie Vannacci,kvannacci3c@vinaora.com,(443) 6115992
1857,31,divorced,Beatrix Whye,bwhye3d@imdb.com,(884) 9239258
1765,65,married,Cacilia Baskeyfield,cbaskeyfield3e@google.ru,(275) 4092364
3403,86,married,Rhianon Pleager,rpleager3f@wikimedia.org,(758) 6030727
3321,59,divorced,Kathe Woof,kwoof3g@xinhuanet.com,(952) 1712031
4471,84,divorced,Randy Wilderspoon,rwilderspoon3h@rediff.com,(101) 4371330
4719,22,single,Gussy Linkin,glinkin3i@networksolutions.com,(477) 4865037
489,53,divorced,Mavis Aindriu,maindriu3j@printfriendly.com,(947) 7425883
1685,74,divorced,Delmer Sommerled,dsommerled3k@gravatar.com,(874) 8579967
3020,19,married,Feliza Veschambre,fveschambre3l@mail.ru,(768) 5944687
4227,72,married,Dyanna Sturmey,dsturmey3m@wp.com,(338) 7242900
3837,36,married,Jasmin Skittles,jskittles3n@auda.org.au,(423) 7847101
3092,48,married,Farlay Rispen,frispen3o@wiley.com,(417) 4188079
4150,79,divorced,Lamar Braiden,lbraiden3p@chron.com,(639) 2490923
3802,90,single,Madelina Pritty,mpritty3q@harvard.edu,(254) 3306516
473,13,divorced,Ash Flay,aflay3r@japanpost.jp,(479) 3540458
3088,6,divorced,Danella Crossfeld,dcrossfeld3s@nbcnews.com,(436) 5916375
4626,84,single,Meggi Souten,msouten3t@fotki.com,(392) 2686671
2648,10,married,Mirella Marcoolyn,mmarcoolyn3u@ow.ly,(415) 7112160
1721,58,single,Corny Cambell,ccambell3v@vk.com,(359) 7776461
1475,85,single,Obie Alleway,oalleway3w@phoca.cz,(175) 5209977
3428,41,single,Lucia Aizic,laizic3x@360.cn,(678) 1072444
1632,51,divorced,Mab Legh,mlegh3y@e-recht24.de,(303) 5066544
3035,40,single,Giulia Carmen,gcarmen3z@dagondesign.com,(659) 4205051
4826,20,single,Filbert Kidson,fkidson40@biglobe.ne.jp,(844) 4866142
1791,8,divorced,Janot Roblett,jroblett41@omniture.com,(582) 2597780
3093,18,married,Samuel Hockey,shockey42@sohu.com,(178) 7084906
3182,6,single,Hilly Ochterlony,hochterlony43@goo.gl,(325) 5807664
4417,61,married,Claire McHardy,cmchardy44@pinterest.com,(429) 7240283
4334,38,divorced,Chelsey Weinberg,cweinberg45@hhs.gov,(931) 9591033
3399,20,married,Zabrina Schirach,zschirach46@wiley.com,(990) 6197220
786,81,single,Emilio Raggatt,eraggatt47@nps.gov,(937) 7606227
4326,98,divorced,Netty Jaquest,njaquest48@hp.com,(863) 2011262
3874,64,single,Emelyne Shermar,eshermar49@bloomberg.com,(928) 1721115
2308,40,divorced,Anni Scorey,ascorey4a@npr.org,(157) 3763701
3688,29,married,Franzen Carnow,fcarnow4b@google.nl,(209) 8920392
1170,28,single,Harley McGrail,hmcgrail4c@gov.uk,(701) 4747869
1121,26,married,Reggi Crookes,rcrookes4d@redcross.org,(529) 9039462
353,95,married,Berry Garthland,bgarthland4e@usa.gov,(751) 9230924
1157,35,single,Isa Erickson,ierickson4f@wikimedia.org,(576) 8204489
349,64,single,Traver Meus,tmeus4g@kickstarter.com,(275) 8403986
1880,33,divorced,Deeanne Blenkin,dblenkin4h@ning.com,(450) 6380477
3373,82,divorced,Courtney Snadden,csnadden4i@adobe.com,(435) 7207131
2702,36,married,Lyman Boundey,lboundey4j@wikimedia.org,(314) 2329308
142,18,married,Jourdain Shemilt,jshemilt4k@umn.edu,(497) 5947531
4772,18,married,Chan Casino,ccasino4l@slideshare.net,(977) 7680913
4008,41,single,Linet McGlone,lmcglone4m@ifeng.com,(602) 7102591
1759,81,divorced,Wainwright Knibbs,wknibbs4n@devhub.com,(126) 8708780
3158,13,divorced,Lacie Feye,lfeye4o@google.de,(648) 6621806
4362,1,divorced,Constantina Paszak,cpaszak4p@unesco.org,(683) 9453430
2089,64,single,Davis Ortes,dortes4q@blogspot.com,(178) 2957368
1362,73,single,Culley Giacovazzo,cgiacovazzo4r@ycombinator.com,(771) 5899331
999,54,divorced,Garvey Wittke,gwittke4s@biglobe.ne.jp,(770) 5382841
4791,43,married,Laurel Pettwood,lpettwood4t@samsung.com,(985) 1437040
3089,60,single,Hewitt Berrick,hberrick4u@prlog.org,(530) 4570043
677,26,divorced,Bruno Erdis,berdis4v@google.co.uk,(273) 6008883
295,33,single,Emmett Baurerich,ebaurerich4w@psu.edu,(505) 4116924
294,20,married,Annette Yosevitz,ayosevitz4x@nba.com,(310) 5060796
2950,13,divorced,Josephina Ness,jness4y@prnewswire.com,(437) 5013809
4484,96,single,Imojean Pagitt,ipagitt4z@kickstarter.com,(116) 1340483
2788,80,divorced,Annecorinne Harrie,aharrie50@harvard.edu,(116) 1206410
581,73,divorced,Arin Kemet,akemet51@flickr.com,(496) 8762416
3883,47,divorced,Florentia Bartosch,fbartosch52@freewebs.com,(179) 9291238
1761,13,married,Basilio Perkin,bperkin53@washingtonpost.com,(792) 1018410
319,19,divorced,Marchelle Hanvey,mhanvey54@woothemes.com,(559) 6542770
4727,86,single,Clarinda Chudleigh,cchudleigh55@go.com,(540) 9555070
3575,68,married,Raimondo Cockran,rcockran56@imgur.com,(152) 4367690
848,16,married,Broderic Gateman,bgateman57@pinterest.com,(803) 7866068
3142,66,married,Elianora Kerner,ekerner58@canalblog.com,(206) 7748849
4150,24,divorced,Ulrica Bryenton,ubryenton59@dot.gov,(780) 9724689
2775,68,single,Frieda Stanyforth,fstanyforth5a@taobao.com,(619) 4860993
3940,18,married,Jannel Garza,jgarza5b@goo.ne.jp,(801) 2109284
2269,91,single,Al Clementi,aclementi5c@nasa.gov,(678) 8542821
2869,81,divorced,Justis Burnhams,jburnhams5d@sina.com.cn,(992) 2000233
776,71,divorced,Vernen Todarello,vtodarello5e@sun.com,(927) 4095421
1317,63,married,Grange Gaynor,ggaynor5f@ycombinator.com,(665) 4487054
4528,53,divorced,Lorenza Yurocjkin,lyurocjkin5g@ebay.com,(706) 7258404
1032,78,single,Britney Westcarr,bwestcarr5h@163.com,(413) 3451821
4391,42,single,Erie Yukhnevich,eyukhnevich5i@abc.net.au,(507) 6527632
3940,43,single,Tadd Amsden,tamsden5j@lycos.com,(210) 9274724
4256,26,married,Dina Balthasar,dbalthasar5k@dailymotion.com,(792) 7932737
356,98,single,Langston Kevis,lkevis5l@latimes.com,(171) 5707028
3149,10,single,Merrily Medhurst,mmedhurst5m@army.mil,(813) 5452961
2451,51,married,Abbe Loudyan,aloudyan5n@kickstarter.com,(151) 1356651
2740,40,married,Mano Elletson,melletson5o@cocolog-nifty.com,(817) 1249278
970,69,married,Francine Bredee,fbredee5p@sitemeter.com,(135) 2771291
2724,16,divorced,Georgina Pakes,gpakes5q@uol.com.br,(160) 3641962
2595,90,single,Lawton Ungerechts,lungerechts5r@wufoo.com,(976) 6365893
4986,65,divorced,Marlene Geipel,mgeipel5s@uol.com.br,(195) 3227826
4905,76,divorced,Kelsey Bootton,kbootton5t@macromedia.com,(313) 9334247
3443,64,divorced,Bertina Tufts,btufts5u@shutterfly.com,(322) 1364418
3273,98,single,Florida Tales,ftales5v@com.com,(414) 2859921
1728,82,single,Josepha Spaldin,jspaldin5w@nsw.gov.au,(221) 3263268
3571,96,married,Casper Andreone,candreone5x@upenn.edu,(428) 3868595
3265,28,married,Cynthea Groger,cgroger5y@deliciousdays.com,(771) 3852023
495,27,married,Chicky Parminter,cparminter5z@github.com,(606) 3959554
3733,34,married,Aurora Tunnicliff,atunnicliff60@trellian.com,(833) 3565126
2881,65,single,Candis Geddis,cgeddis61@prnewswire.com,(838) 9141292
4508,4,single,Syman Arboin,sarboin62@bigcartel.com,(506) 3242986
4277,99,divorced,Rees McGeaney,rmcgeaney63@jugem.jp,(493) 2070617
3429,39,single,Sybil Oels,soels64@behance.net,(826) 8768464
3493,59,single,Fremont Guppie,fguppie65@biglobe.ne.jp,(398) 5101944
3627,96,married,Billy Schumacher,bschumacher66@yelp.com,(654) 5356313
822,100,divorced,Octavia Sunnucks,osunnucks67@w3.org,(124) 1522261
3286,70,single,Calvin Presdie,cpresdie68@4shared.com,(120) 4523574
3167,54,married,Alyse Harrowsmith,aharrowsmith69@jimdo.com,(529) 6050996
1103,95,married,Tamarra Olander,tolander6a@dailymotion.com,(269) 9265645
4734,54,married,Bertrando Golson,bgolson6b@comcast.net,(697) 7911788
1573,27,single,Rhodia Ruprecht,rruprecht6c@slate.com,(883) 7788078
4791,34,divorced,Yorgos Cammidge,ycammidge6d@artisteer.com,(161) 7239838
120,38,divorced,Fairfax Mc Faul,fmc6e@dailymotion.com,(523) 5800703
3949,40,married,Jeth Cankett,jcankett6f@about.me,(469) 8507869
2436,97,single,Stan Kenninghan,skenninghan6g@salon.com,(690) 9581107
2900,9,single,Rudiger Kembery,rkembery6h@wikispaces.com,(717) 4901881
2202,85,married,Greg Fulleylove,gfulleylove6i@phpbb.com,(459) 8039855
1800,64,single,Engelbert Braizier,ebraizier6j@craigslist.org,(675) 1316714
2991,15,married,Estelle Wheaton,ewheaton6k@skyrock.com,(979) 7709049
3095,47,married,Orran Bohlsen,obohlsen6l@ameblo.jp,(436) 9075376
973,12,single,Drucie McQuaide,dmcquaide6m@simplemachines.org,(272) 5996055
3420,99,divorced,Derby Bengall,dbengall6n@cisco.com,(414) 8706785
1207,74,divorced,Theodora Aubrun,taubrun6o@pinterest.com,(371) 9034987
4526,41,single,Channa Hildred,childred6p@tripod.com,(152) 4012656
1590,89,single,Davida Beverage,dbeverage6q@360.cn,(633) 4695492
4709,39,single,Helyn Doxsey,hdoxsey6r@paypal.com,(463) 7701133
1214,35,married,Bride Bidmead,bbidmead6s@usda.gov,(780) 2642970
3020,77,divorced,Marv Folkes,mfolkes6t@google.ru,(413) 4551816
3441,21,single,Brig Blevin,bblevin6u@symantec.com,(734) 4856231
1132,71,married,Gennie Juggins,gjuggins6v@newyorker.com,(618) 9352751
1698,56,single,Alastair Pooke,apooke6w@netvibes.com,(134) 5121556
1068,1,single,Prudy Gabbett,pgabbett6x@springer.com,(921) 4557720
4888,48,married,Malissa Kobera,mkobera6y@rakuten.co.jp,(888) 4847929
1871,85,divorced,Shirlee Velten,svelten6z@drupal.org,(610) 3635074
325,73,divorced,Ammamaria Streeten,astreeten70@omniture.com,(412) 3332670
1343,25,divorced,Alina Probbin,aprobbin71@slashdot.org,(358) 2615216
1851,73,single,Kakalina Kilrow,kkilrow72@naver.com,(782) 8843200
3310,96,married,Venus Krzyzowski,vkrzyzowski73@naver.com,(893) 5706064
4726,67,married,Bobby Joynson,bjoynson74@prweb.com,(940) 1831393
4352,59,married,Wilmer Allanson,wallanson75@wordpress.org,(433) 3268288
1263,6,single,Raimundo Kleinschmidt,rkleinschmidt76@sciencedaily.com,(363) 2237109
1443,18,married,Clementia Deathridge,cdeathridge77@msn.com,(757) 5641138
1203,70,married,Tiffany Cardinale,tcardinale78@constantcontact.com,(412) 6228474
3653,41,divorced,Earl Harcus,eharcus79@ow.ly,(605) 4215422
4866,80,divorced,Huntington Lucks,hlucks7a@cam.ac.uk,(377) 3838848
1047,35,divorced,Beilul McKennan,bmckennan7b@elpais.com,(657) 4971805
1944,38,divorced,Donia Minget,dminget7c@army.mil,(577) 3903858
794,51,single,Fidelio Cromley,fcromley7d@multiply.com,(881) 2417170
3098,14,single,Kelsey Bownes,kbownes7e@comsenz.com,(345) 9225082
1733,3,divorced,Dayle Dreakin,ddreakin7f@reference.com,(477) 9338434
103,82,single,Arthur Atheis,aatheis7g@tmall.com,(901) 5489883
3062,100,single,Guillemette Coneybeare,gconeybeare7h@arstechnica.com,(634) 6095033
181,68,single,Twila Facchini,tfacchini7i@networkadvertising.org,(860) 3014885
4473,17,divorced,Noland Friett,nfriett7j@toplist.cz,(972) 9755270
1012,21,married,Bonita Bwy,bbwy7k@tripadvisor.com,(476) 9293138
4182,79,married,Shirleen Mitchley,smitchley7l@xing.com,(454) 1937985
4135,43,single,Elna Doodney,edoodney7m@sohu.com,(442) 3350417
2751,11,divorced,Gilles Beaford,gbeaford7n@scientificamerican.com,(598) 8239462
260,13,married,Meara Harbert,mharbert7o@seattletimes.com,(543) 1137990
1182,27,single,Kellia Statham,kstatham7p@google.com,(339) 7272547
708,80,divorced,Orelie Lummus,olummus7q@dagondesign.com,(901) 2453610
1219,11,divorced,Cynthea Milius,cmilius7r@washingtonpost.com,(507) 2721433
1198,60,single,Eddie Innwood,einnwood7s@php.net,(237) 6115716
2121,17,married,Timofei Rayne,trayne7t@nifty.com,(638) 1473418
4552,43,divorced,Bev Chiverton,bchiverton7u@is.gd,(145) 9720206
2729,75,married,Renae Aberhart,raberhart7v@europa.eu,(576) 9720528
2053,25,divorced,Gabriello Normaville,gnormaville7w@purevolume.com,(989) 8376043
1670,72,married,Toni Idenden,tidenden7x@dropbox.com,(601) 9916200
4657,33,married,Giacinta Kamena,gkamena7y@edublogs.org,(157) 4980354
622,69,married,Madelene Mill,mmill7z@pagesperso-orange.fr,(974) 2534952
1009,18,single,Marylou Greendale,mgreendale80@cpanel.net,(792) 7502458
4795,43,divorced,Christiana Korbmaker,ckorbmaker81@usatoday.com,(946) 3229207
444,8,married,Dierdre Burgan,dburgan82@youtu.be,(281) 3470367
2342,67,married,Chris Ugoletti,cugoletti83@nymag.com,(600) 5976289
415,33,single,Amata Tremethack,atremethack84@webnode.com,(411) 3783582
3479,56,single,Heather Vanetti,hvanetti85@youtube.com,(815) 4297424
418,9,married,Gillan Linzey,glinzey86@go.com,(615) 7611990
3462,24,married,Berk Bootland,bbootland87@ox.ac.uk,(270) 6139322
2839,61,married,Tulley Feitosa,tfeitosa88@nsw.gov.au,(468) 7039748
1785,99,married,Bryanty Vials,bvials89@marketwatch.com,(634) 9343108
2788,39,divorced,Dorotea Clarke-Williams,dclarkewilliams8a@nps.gov,(938) 1596752
4171,79,divorced,Lottie Beecheno,lbeecheno8b@mtv.com,(838) 8510730
372,44,divorced,Abbot Juste,ajuste8c@harvard.edu,(607) 8939797
1098,75,married,King Vigurs,kvigurs8d@theatlantic.com,(714) 6449365
2331,52,divorced,Rivi Fazzioli,rfazzioli8e@harvard.edu,(433) 1387587
1480,2,single,Erika Roizn,eroizn8f@g.co,(225) 1716757
2957,48,married,Dwayne Fazakerley,dfazakerley8g@unc.edu,(990) 2359236
1719,31,divorced,Bevon Moxom,bmoxom8h@java.com,(770) 5345005
3930,14,married,Gualterio Whenham,gwhenham8i@goodreads.com,(823) 2983869
2258,61,married,Roarke O'Rourke,rorourke8j@51.la,(887) 5829040
1745,30,single,Abram Sange,asange8k@ehow.com,(257) 5577922
3028,19,single,Burr Keirl,bkeirl8l@tinyurl.com,(782) 3464873
722,13,married,Etienne Thomke,ethomke8m@vinaora.com,(146) 1996324
3617,80,married,Gennifer McComas,gmccomas8n@auda.org.au,(483) 3729186
361,46,single,Ambur Loos,aloos8o@technorati.com,(742) 2504744
3760,83,married,Cyril Wilmington,cwilmington8p@slashdot.org,(537) 3029534
3625,100,single,Hort Gullan,hgullan8q@state.tx.us,(895) 4483441
2210,17,married,Clarette Rosedale,crosedale8r@google.cn,(615) 7018977
2095,29,single,Gerhardine Mityushkin,gmityushkin8s@deliciousdays.com,(263) 7608857
3200,18,single,Faythe Geistbeck,fgeistbeck8t@surveymonkey.com,(573) 2019736
887,10,married,Adolphe Mathes,amathes8u@tinyurl.com,(912) 1070535
2502,79,single,Josefa Spering,jspering8v@dot.gov,(728) 8470955
4755,57,single,Grete Cabedo,gcabedo8w@hc360.com,(110) 1919171
1334,24,single,Ruperto Duester,rduester8x@wikimedia.org,(670) 1410732
2585,9,married,Sherman Sivess,ssivess8y@parallels.com,(923) 5855575
4937,6,married,Therine Fenkel,tfenkel8z@shop-pro.jp,(500) 9499668
4489,52,divorced,Ara Enders,aenders90@booking.com,(688) 2265584
126,10,married,Marilee McAuliffe,mmcauliffe91@cpanel.net,(214) 9342092
3907,83,divorced,Kristel Hallam,khallam92@webs.com,(293) 4485201
3367,74,single,Carlene Darlaston,cdarlaston93@uiuc.edu,(119) 3282430
4287,77,married,Ursula Chung,uchung94@ucla.edu,(952) 8926995
2010,27,single,Veronike Wickstead,vwickstead95@jigsy.com,(703) 7611600
726,35,married,Peri Easeman,peaseman96@over-blog.com,(379) 6296878
4107,68,single,Archie Verbeke,averbeke97@jigsy.com,(237) 9665840
2649,20,single,Alexa Brazear,abrazear98@engadget.com,(756) 2639227
3382,71,divorced,Gus Shier,gshier99@shinystat.com,(229) 2231275
2855,41,single,Leyla Van Dale,lvan9a@zimbio.com,(924) 3550388
3024,28,married,Herta Bover,hbover9b@pinterest.com,(195) 5142408
1984,97,single,Daffie Menguy,dmenguy9c@vk.com,(867) 5979567
2529,75,divorced,Sophi Gatsby,sgatsby9d@amazon.com,(223) 4515270
2803,93,divorced,Pat Embery,pembery9e@thetimes.co.uk,(622) 2138399
715,40,single,Borden Charnock,bcharnock9f@yellowpages.com,(170) 8805285
2283,89,married,Mervin Durban,mdurban9g@arstechnica.com,(946) 3027303
2630,87,divorced,Angie Lamberto,alamberto9h@nps.gov,(257) 3834864
3238,48,single,Anastasie Leamon,aleamon9i@diigo.com,(233) 9211711
2748,27,married,Kacie Wyatt,kwyatt9j@github.io,(999) 7710844
3621,92,divorced,Nancie Tanser,ntanser9k@t.co,(372) 7186097
491,95,married,Vaughan Stile,vstile9l@vinaora.com,(435) 3705602
578,39,single,Donetta de Pinna,dde9m@tiny.cc,(107) 8838903
3032,63,married,Bobby Tussaine,btussaine9n@bbc.co.uk,(331) 1914659
2239,79,married,Consuelo Minocchi,cminocchi9o@forbes.com,(165) 2665560
3116,89,divorced,Collen Baverstock,cbaverstock9p@yelp.com,(700) 6427412
4916,24,married,Aristotle Rubrow,arubrow9q@topsy.com,(247) 6863397
2928,73,divorced,Amalee Miebes,amiebes9r@thetimes.co.uk,(800) 2373260
184,45,married,Joane Grigoletti,jgrigoletti9s@nytimes.com,(954) 8404751
1676,25,married,Peggie Choldcroft,pcholdcroft9t@smh.com.au,(861) 8779420
3052,63,divorced,Adolphe Ruste,aruste9u@ucsd.edu,(791) 4871386
185,74,single,Leroy Shmyr,lshmyr9v@ezinearticles.com,(513) 3246850
1795,4,single,Desiree Olivi,dolivi9w@slideshare.net,(471) 8546113
1265,73,divorced,Masha Sommerlie,msommerlie9x@ehow.com,(492) 4526497
1639,67,married,Bellanca Blackler,bblackler9y@globo.com,(463) 1392982
143,12,single,Carolynn Tilson,ctilson9z@craigslist.org,(776) 8549840
4989,39,married,Virge Tarpey,vtarpeya0@huffingtonpost.com,(829) 9266969
3551,19,married,Ivette Crutchley,icrutchleya1@spiegel.de,(226) 9643163
1648,1,single,Aggi Islep,aislepa2@com.com,(987) 1715643
182,56,married,Sven Curwen,scurwena3@go.com,(490) 2566232
2331,59,single,Garik Devereux,gdevereuxa4@accuweather.com,(676) 2506785
4032,63,single,Weylin MacCook,wmaccooka5@github.com,(850) 4809808
4229,2,married,Dionne Docker,ddockera6@google.it,(868) 9257481
4090,14,single,Rhodia Yukhtin,ryukhtina7@kickstarter.com,(147) 7957999
1370,39,married,Una Rakestraw,urakestrawa8@yahoo.co.jp,(712) 6340248
1818,94,married,Jeralee Wholesworth,jwholeswortha9@reuters.com,(418) 6020344
3081,41,single,Gwenore Mangeot,gmangeotaa@buzzfeed.com,(411) 2369257
393,25,married,Marv Tite,mtiteab@rakuten.co.jp,(947) 4203493
4825,30,married,Inness Hyland,ihylandac@nih.gov,(171) 2396598
4087,85,married,Nappy Beagan,nbeaganad@histats.com,(973) 2069081
310,52,married,Bertha Overstreet,boverstreetae@delicious.com,(541) 1925652
1819,81,married,Radcliffe MacElharge,rmacelhargeaf@reuters.com,(185) 7316243
725,97,single,Giffy Stirrup,gstirrupag@naver.com,(402) 2899226
613,30,married,Thorstein Mattessen,tmattessenah@dyndns.org,(153) 7967856
1271,19,single,Nicholas McBeith,nmcbeithai@time.com,(832) 2127272
244,66,married,Jim Cleen,jcleenaj@spiegel.de,(671) 2035054
2980,16,married,Anett Halston,ahalstonak@aboutads.info,(797) 9882497
683,74,single,Akim Grimsdike,agrimsdikeal@blogspot.com,(501) 5490550
1449,74,married,Tracie Monahan,tmonahanam@msu.edu,(877) 3641404
4253,30,married,Elset Greave,egreavean@devhub.com,(376) 8317582
2772,68,divorced,Coriss Robrow,crobrowao@wikipedia.org,(479) 9635728
1931,84,married,Nikoletta Eck,neckap@intel.com,(269) 1604371
1369,92,married,Corinna Cleve,ccleveaq@angelfire.com,(756) 7719480
433,86,divorced,Jesse Stiles,jstilesar@163.com,(521) 6592257
4748,43,divorced,Les Mabley,lmableyas@usatoday.com,(272) 3928731
739,12,married,Hamlin Pepperrall,hpepperrallat@last.fm,(202) 6554048
4808,90,married,Lavena Ilieve,lilieveau@hubpages.com,(259) 7936642
421,77,divorced,Josephina McCarrell,jmccarrellav@google.co.uk,(439) 9133986
1509,51,single,Arabela Donaher,adonaheraw@utexas.edu,(922) 3831153
2311,93,married,Nicko Liptrot,nliptrotax@liveinternet.ru,(103) 4427734
1037,95,single,Sherwood Rawlison,srawlisonay@angelfire.com,(451) 5427651
3559,74,married,Lorenzo Voller,lvolleraz@storify.com,(725) 5712774
4765,17,married,Ruddy Ranns,rrannsb0@vinaora.com,(352) 1602591
4195,82,married,Layton Le Count,lleb1@smugmug.com,(474) 1387488
1613,77,divorced,Milo Berre,mberreb2@usa.gov,(302) 4316406
2844,55,married,Francois Leyzell,fleyzellb3@kickstarter.com,(115) 1868943
1260,30,single,Enrico Bugby,ebugbyb4@ask.com,(221) 5795685
1942,69,married,Paige O'Donnell,podonnellb5@multiply.com,(859) 5263952
3949,60,single,Natala Bosman,nbosmanb6@barnesandnoble.com,(473) 5757417
2487,33,divorced,Lia Bedome,lbedomeb7@kickstarter.com,(350) 4364338
1441,37,divorced,Georgina Shelborne,gshelborneb8@unc.edu,(473) 7471756
4565,35,single,Cammie Fosten,cfostenb9@nyu.edu,(281) 7191953
2978,94,divorced,Annie Berick,aberickba@tumblr.com,(166) 9986426
4932,41,single,Emyle Sprake,esprakebb@tinypic.com,(514) 3307349
3318,69,divorced,Jamil Benbough,jbenboughbc@blogs.com,(326) 7844344
1920,1,married,Nelie Chasteney,nchasteneybd@bluehost.com,(219) 9416070
3542,24,married,Eloise Rosenstengel,erosenstengelbe@census.gov,(957) 2240226
802,30,divorced,Gabe Klimochkin,gklimochkinbf@github.io,(375) 6474295
3443,90,single,Rivi Badwick,rbadwickbg@issuu.com,(898) 9185610
3415,31,divorced,Margareta Lissemore,mlissemorebh@networkadvertising.org,(100) 6889560
1345,89,single,Roz Logg,rloggbi@digg.com,(307) 4725975
298,91,married,Lotty Cutriss,lcutrissbj@gravatar.com,(167) 3052919
3975,63,single,Drucy Goublier,dgoublierbk@google.nl,(180) 1739997
3816,79,divorced,Ephraim Drewe,edrewebl@parallels.com,(724) 9929040
305,59,single,Dell Comello,dcomellobm@mapquest.com,(957) 8194745
4239,37,divorced,Warde Stump,wstumpbn@patch.com,(515) 7377079
4548,78,divorced,Mela Grunnill,mgrunnillbo@reverbnation.com,(404) 3564930
918,49,single,Lacee Bicknell,lbicknellbp@bizjournals.com,(307) 6499936
3640,47,married,Troy Lammerich,tlammerichbq@typepad.com,(759) 9058004
251,8,divorced,Chicky Galier,cgalierbr@sphinn.com,(744) 6792141
2221,59,single,Deeanne O' Brian,dobs@xinhuanet.com,(496) 7128708
587,83,married,Liam Lampe,llampebt@tumblr.com,(549) 7929912
952,55,single,Haydon Janman,hjanmanbu@1688.com,(506) 2483794
2030,61,divorced,Blaire Beadles,bbeadlesbv@weather.com,(608) 1382571
847,48,divorced,Marco Gillinghams,mgillinghamsbw@howstuffworks.com,(843) 4512932
1568,58,married,Alvira Lowman,alowmanbx@prnewswire.com,(393) 9664850
3061,58,divorced,Esme Lambin,elambinby@jugem.jp,(643) 1534791
2716,39,divorced,Yehudi Lohoar,ylohoarbz@jugem.jp,(178) 9815119
4042,23,divorced,Elayne Birkmyre,ebirkmyrec0@berkeley.edu,(429) 1672591
2486,5,married,Ali Swepstone,aswepstonec1@narod.ru,(140) 1375194
1194,38,divorced,Charmine Balentyne,cbalentynec2@diigo.com,(791) 3842899
495,15,divorced,Georgiana Peile,gpeilec3@domainmarket.com,(579) 7217899
1827,45,divorced,Tamar Prior,tpriorc4@buzzfeed.com,(680) 2578221
581,81,married,Lissa Lister,llisterc5@de.vu,(165) 3284370
2373,62,single,Lisa Cridge,lcridgec6@wisc.edu,(756) 8255969
4988,1,married,Renault Horribine,rhorribinec7@time.com,(619) 5885419
1293,9,divorced,Mona Moorcroft,mmoorcroftc8@google.fr,(947) 6359037
2739,18,divorced,Raquela Khotler,rkhotlerc9@altervista.org,(754) 8017223
