58-9733614,4,single,1157,6766 Fieldstone Court,military
89-5357386,5,single,1634,5065 Browning Plaza,military
66-0633194,7,married,1090,46 Sugar Court,student
53-0770887,9,married,1949,46 Steensland Point,military
00-9986063,9,married,1800,49891 Longview Place,senior
73-6038397,7,married,1126,3 Hallows Parkway,disabled
72-3854694,10,single,1874,664 Meadow Valley Circle,student
27-3835058,6,single,1360,9462 Darwin Way,student
76-8476362,4,divorced,1684,7757 Cardinal Pass,disabled
06-9824001,3,married,1253,563 Lakewood Pass,senior
06-1243513,9,divorced,1485,7 Pankratz Circle,military
55-2826851,9,married,1488,4946 Johnson Avenue,student
27-7290025,1,married,1411,10 Upham Crossing,military
32-3943436,8,divorced,1418,1 Luster Trail,student
92-5714289,8,divorced,1046,96 Fordem Place,senior
49-8588065,3,divorced,1814,83 Oakridge Plaza,student
00-1239606,4,married,1683,84579 Erie Hill,student
39-4971281,10,married,1499,0 Armistice Hill,student
04-4071787,1,single,1362,6327 Cody Circle,student
47-2239367,1,divorced,1842,71706 Donald Pass,senior
43-0573257,5,single,1355,58 Laurel Road,military
09-7581542,5,married,1854,2007 Washington Court,disabled
75-9457180,6,divorced,1899,84314 Kropf Pass,disabled
35-0579967,4,married,1657,5 Talmadge Alley,senior
88-0900368,4,married,1512,0845 Atwood Parkway,student
97-0149363,4,divorced,1118,65748 Golf Course Pass,military
18-2319266,10,divorced,1151,2 Crowley Park,senior
79-4690780,6,divorced,1070,5941 Brown Pass,student
01-1179341,1,divorced,1723,167 Jenifer Park,disabled
53-0091729,9,married,1407,09074 Kennedy Hill,senior
85-1812245,2,married,1931,59 Chinook Terrace,military
72-1522418,4,single,1468,48982 Rutledge Alley,senior
40-5404385,5,married,1803,9 Northwestern Drive,disabled
25-9923640,5,single,1831,586 Kim Point,senior
17-9749166,7,single,1907,7390 Killdeer Street,disabled
87-2201029,6,single,1601,1 Del Mar Junction,military
20-5483991,1,single,1586,4815 Vera Center,military
41-5305197,2,single,1402,3140 Rieder Circle,senior
56-4372259,5,divorced,1959,8 Marquette Place,senior
58-6294335,8,divorced,1971,3608 Jackson Trail,military
74-0095174,2,divorced,1487,89938 Harper Hill,student
80-7741487,7,single,1334,91 Brown Place,disabled
04-2098382,3,single,1227,70 Banding Point,senior
11-2455434,2,divorced,1885,3 Elka Lane,student
20-9109800,3,divorced,1488,95 Jackson Junction,disabled
62-1178203,5,single,1805,4 Riverside Court,military
02-4601486,10,married,1144,67167 Debs Junction,senior
05-1786098,6,divorced,1479,94348 Arapahoe Crossing,student
68-7903427,1,divorced,1543,51312 Nova Court,disabled
63-9973765,9,married,1565,3365 Shopko Circle,student
73-2495100,4,divorced,1944,7411 Annamark Trail,student
36-7272676,3,single,1539,51 Buell Park,disabled
83-1744648,2,married,1183,32 Bluejay Junction,military
13-2265145,2,single,1447,119 Warbler Junction,disabled
41-2322149,8,divorced,1840,7730 Pepper Wood Plaza,student
34-1222293,10,divorced,1672,36881 Hooker Junction,military
45-3003046,5,divorced,1737,9 Carioca Center,disabled
26-5102425,2,divorced,1056,236 Londonderry Street,disabled
06-0006498,8,divorced,1025,40074 Transport Alley,military
59-5407166,8,divorced,1360,107 Doe Crossing Street,disabled
51-1186168,3,married,1141,76 Butternut Drive,senior
09-4990419,5,single,1318,52 Colorado Court,student
46-7993309,3,divorced,1759,795 Bobwhite Plaza,military
94-7134279,7,single,1324,06 Troy Drive,senior
96-4096333,3,single,1316,785 Russell Place,senior
30-7871788,8,single,1124,8 Katie Point,military
61-6779883,5,single,1240,18782 Lawn Street,student
91-7620480,9,married,1148,396 Montana Way,military
33-0546877,1,divorced,1597,94744 Monica Parkway,student
26-9068874,4,married,1030,9 Huxley Drive,senior
24-4633560,6,single,1679,5 Crescent Oaks Circle,disabled
86-0197535,7,single,1150,3682 Eastlawn Park,senior
55-8381471,3,married,1480,84 Merry Avenue,student
02-2996723,6,divorced,1638,9 Petterle Plaza,senior
71-7534196,5,married,1435,623 Erie Trail,senior
80-6506890,9,married,1928,9 Clarendon Road,military
90-5457229,3,divorced,1301,9311 Lien Avenue,disabled
49-2904411,3,married,1920,58 Marquette Parkway,military
72-1853874,9,married,1748,7350 Thompson Junction,disabled
72-8157229,4,divorced,1580,7678 Kensington Park,senior
80-4295403,2,divorced,1574,9556 Ramsey Parkway,student
74-3808263,10,married,1964,74 Transport Court,disabled
50-2751504,6,divorced,1902,3 Rieder Center,disabled
94-6465120,3,single,1784,1479 Fair Oaks Parkway,student
67-1629012,2,single,1626,24079 Memorial Trail,student
95-2534588,5,single,1008,3432 Maple Hill,military
91-4859985,8,married,1881,125 Northview Pass,disabled
24-5549128,8,divorced,1857,7 Namekagon Plaza,disabled
85-0393352,4,single,1278,3 Carberry Terrace,disabled
40-3221681,8,married,1117,26 Westerfield Point,student
71-5048390,9,divorced,1658,516 Mayfield Circle,military
38-7434064,1,married,1547,95 Dorton Park,student
10-0345530,6,divorced,1855,67724 Prentice Trail,student
44-7981907,9,single,1777,54 Randy Street,military
09-0811956,1,single,1938,89 Oxford Parkway,student
45-3591441,5,single,1759,49 Green Plaza,disabled
64-8921977,5,divorced,1515,04018 Fairview Point,military
65-7521928,3,single,1362,6 Ruskin Road,senior
79-8508848,7,married,1362,188 Bobwhite Crossing,student
11-5862431,6,divorced,1225,5 Warrior Road,disabled
94-3595206,6,divorced,1198,447 Quincy Hill,senior
98-2943275,1,married,1366,9 Scoville Road,student
27-8289994,10,married,1969,873 Amoth Point,disabled
52-1862944,8,divorced,1529,4058 Orin Alley,senior
19-1513814,3,divorced,1160,407 Lawn Junction,disabled
79-2515189,10,married,1678,19566 Lukken Hill,student
87-8961654,10,single,1403,053 Mallory Circle,military
69-8422546,5,divorced,1559,598 Luster Center,senior
03-1123570,4,married,1828,29 Chive Place,disabled
43-2045360,10,married,1243,19 Delladonna Avenue,student
41-5027788,9,single,1711,674 La Follette Street,disabled
84-2527672,4,divorced,1316,1633 Lake View Way,student
18-7545657,2,married,1233,639 Old Gate Plaza,senior
07-9508472,4,divorced,1709,93 Sunfield Court,student
31-4764399,10,divorced,1898,97483 Colorado Center,senior
07-2178477,4,divorced,1221,5038 Rowland Street,senior
77-2717545,6,divorced,1591,651 Scoville Junction,military
29-3022853,5,single,1137,91 Prentice Hill,disabled
08-4603641,5,divorced,1863,90 Ridgeway Junction,senior
01-6789676,8,single,1711,04 Debra Center,military
06-2331629,6,single,1509,65531 Lien Place,disabled
54-5673556,5,single,1919,08 Boyd Road,senior
02-5336995,8,divorced,1197,5 Sullivan Road,senior
84-8885630,3,divorced,1597,6294 Pearson Road,military
79-4184586,9,single,1037,70 Mallory Terrace,disabled
77-8332110,7,single,1640,35 Dunning Terrace,senior
79-5783921,3,divorced,1967,943 Warner Place,disabled
37-0497405,3,married,1526,760 Sauthoff Trail,disabled
44-3205010,3,divorced,1936,4596 Morningstar Lane,student
47-2325232,5,divorced,1814,727 Hansons Plaza,disabled
97-3973554,8,divorced,1127,25 Leroy Center,military
65-7098291,3,single,1098,09835 Carey Center,senior
37-6406439,3,single,1953,24069 Lukken Junction,senior
25-3044656,1,divorced,1107,14 Fordem Pass,student
55-0532620,9,married,1152,63 Barnett Street,student
77-7352461,6,married,1788,89363 Blue Bill Park Point,student
47-9952398,8,divorced,1761,97517 Talisman Point,disabled
27-7001744,1,married,1168,90 Fulton Alley,military
76-8317672,6,single,1915,286 Meadow Ridge Place,senior
13-5539733,7,single,1184,96533 Lunder Lane,disabled
14-8549013,6,divorced,1076,1873 Lake View Lane,military
91-4611602,3,married,1133,103 Annamark Plaza,disabled
82-9278754,5,single,1626,1 Pine View Circle,military
33-9293620,5,single,1868,85 Montana Plaza,military
19-2355034,3,divorced,1805,28069 Rockefeller Parkway,disabled
45-8748306,1,divorced,1525,89192 Weeping Birch Terrace,disabled
19-6642669,3,married,1661,80 Glendale Parkway,student
02-1141477,3,divorced,1786,265 Evergreen Street,student
22-4528616,4,divorced,1825,98 Monterey Road,military
51-7247739,9,married,1216,38124 Heffernan Crossing,student
03-4711435,1,married,1583,224 Bunting Lane,student
62-2052772,1,married,1218,3049 Knutson Pass,senior
74-6587411,7,divorced,1834,83 Walton Court,military
14-4712667,4,single,1208,576 Northfield Terrace,disabled
06-7748821,8,single,1259,5 Susan Court,disabled
81-0541987,7,single,1701,86 Miller Pass,student
20-1684736,2,single,1643,3 Northfield Terrace,disabled
26-5636224,7,married,1760,9705 Atwood Plaza,military
80-6799643,9,single,1285,54 Artisan Junction,senior
84-3720138,4,divorced,1107,282 New Castle Road,senior
01-7104787,8,divorced,1095,574 Parkside Road,senior
99-6749117,6,divorced,1347,9 Lien Terrace,disabled
78-5930070,3,single,1954,8518 Di Loreto Court,student
33-3196867,6,divorced,1046,22313 Helena Junction,military
91-7072106,6,married,1174,23569 Farragut Drive,military
64-0160464,4,married,1359,68082 Acker Hill,student
93-6456753,3,married,1825,32 Nelson Drive,student
84-8922619,5,divorced,1086,72 7th Center,disabled
65-5026437,7,single,1962,7 Golden Leaf Alley,student
44-2243525,3,single,1630,2 Pierstorff Alley,disabled
89-6648509,9,divorced,1120,4 Dunning Circle,student
83-5160613,2,divorced,1742,2 Derek Park,senior
11-4918886,9,married,1364,66 Sommers Plaza,disabled
48-0121967,5,single,1257,8021 Huxley Crossing,military
65-6679159,5,divorced,1632,52 Sage Terrace,senior
89-7597837,3,divorced,1749,22 Sage Terrace,military
79-0021294,3,divorced,1191,679 Colorado Terrace,student
36-0781398,8,single,1122,09 Dottie Avenue,disabled
27-2508387,4,single,1981,4 Blaine Road,student
26-7145679,1,single,1743,199 Bashford Parkway,student
67-5995278,7,single,1318,57534 Schlimgen Avenue,student
41-9121204,3,married,1821,08823 Mallory Park,senior
06-3527027,2,divorced,1789,3483 Killdeer Junction,military
53-6597851,7,single,1368,404 Di Loreto Point,disabled
64-2697691,2,single,1091,9 Schurz Road,disabled
51-2817230,2,divorced,1665,93 New Castle Pass,disabled
43-6897411,3,married,1911,333 Rockefeller Terrace,military
95-5019974,7,single,1205,71201 Mitchell Court,student
74-7826072,1,married,1938,99429 Cambridge Park,student
94-0012204,8,single,1415,98 Stang Point,disabled
23-6586565,9,married,1457,339 Nevada Drive,disabled
33-8995146,1,married,1066,4555 Northport Pass,senior
82-9625232,10,single,1387,41 Moose Plaza,student
65-3091864,7,divorced,1343,240 Maple Road,senior
03-1954189,5,married,1976,218 Hoard Lane,military
07-5358240,3,single,1533,6436 7th Trail,disabled
15-8431956,5,married,1427,14 Parkside Drive,disabled
26-6208861,5,divorced,1456,444 Calypso Way,student
59-4427131,6,married,1942,86870 Lillian Point,disabled
91-3707196,6,married,1702,95431 Brentwood Alley,student
68-3464343,5,single,1739,70 Tomscot Way,student
23-0641935,9,married,1362,6329 Pearson Circle,senior
87-7237678,9,divorced,1662,63088 Milwaukee Drive,senior
51-2013633,8,single,1889,27846 Pond Place,disabled
99-1486025,5,divorced,1733,047 School Drive,disabled
41-4083612,1,divorced,1327,05 Magdeline Road,student
57-7212728,8,married,1420,0669 Aberg Center,disabled
66-8552462,6,married,1859,4 Petterle Alley,student
68-0801390,8,divorced,1587,26 Arizona Terrace,student
07-8449188,5,single,1895,776 Thackeray Alley,senior
64-8522914,8,single,1446,49297 Hauk Parkway,disabled
80-0196531,7,single,1718,99 Eastlawn Road,disabled
70-4419839,2,married,1671,69801 Birchwood Crossing,military
64-0963212,3,divorced,1329,162 Meadow Ridge Trail,student
86-0529150,2,single,1373,6 Farmco Park,student
01-9656471,5,single,1767,6484 Buena Vista Road,military
88-2698640,2,single,1306,25747 Carey Court,military
97-7903973,7,divorced,1792,974 Village Crossing,military
28-5709954,6,divorced,1053,552 Bellgrove Lane,student
91-8430353,4,single,1038,90312 4th Trail,senior
62-3745830,8,single,1977,5 Raven Junction,senior
01-5207040,3,divorced,1250,741 Dawn Lane,disabled
16-7066119,9,divorced,1574,1244 Eastlawn Street,military
79-8438403,2,divorced,1820,46 Eagle Crest Terrace,disabled
73-7680445,2,divorced,1907,70 Westport Trail,senior
12-5878524,9,single,1806,386 Summerview Parkway,student
31-8108661,5,single,1085,7580 Spenser Road,military
19-9131117,7,single,1544,4 Lukken Way,senior
94-9315759,9,divorced,1232,777 Norway Maple Terrace,student
67-3168204,6,divorced,1369,6634 Goodland Alley,student
34-4517423,7,single,1221,85679 Mifflin Way,student
28-1323207,7,single,1855,2210 Derek Parkway,disabled
34-3206423,4,single,1575,03584 Carey Junction,disabled
97-7499012,9,divorced,1142,14 Russell Point,disabled
57-6439705,1,single,1844,4 Lyons Alley,student
55-6997565,7,single,1003,98230 Mosinee Park,senior
71-4389530,5,divorced,1316,7 Prairie Rose Lane,military
30-2066611,1,divorced,1063,6426 Becker Junction,student
19-0056397,7,married,1218,7 Dawn Plaza,senior
13-3493993,7,single,1547,6 Buell Junction,disabled
77-8258352,6,single,1477,062 Boyd Way,disabled
01-3427914,4,married,1708,8314 West Drive,military
18-8144531,2,married,1036,52342 Becker Pass,military
03-8818713,9,single,1247,1 Dwight Center,disabled
88-1434796,3,married,1293,68 Bartelt Park,senior
70-1396397,9,divorced,1370,993 Emmet Hill,military
41-6138224,10,single,1167,6701 Nobel Park,military
52-5884456,7,married,1506,89 Forster Street,military
84-3968823,7,single,1317,8 Hoepker Junction,student
43-2552187,8,divorced,1352,90 Lakeland Center,senior
68-3015945,7,single,1817,230 International Park,military
62-1635915,6,single,1100,109 Sundown Terrace,military
76-9557671,3,divorced,1028,7318 Sugar Point,military
17-2710136,5,divorced,1599,01404 Scott Terrace,disabled
24-0399079,7,divorced,1577,2 Blackbird Drive,senior
35-3000491,4,single,1240,711 Reindahl Place,disabled
41-0745260,10,single,1772,1395 2nd Pass,disabled
92-5989660,3,married,1016,7 Porter Point,student
40-9634625,7,single,1114,7095 Dixon Hill,disabled
60-2343276,5,single,1821,274 Atwood Crossing,senior
71-6335495,10,single,1186,87 Cody Avenue,student
24-4113978,6,single,1339,3 Sycamore Trail,military
77-3859405,4,married,1443,08 Eagle Crest Center,military
91-7886128,10,single,1785,685 Killdeer Avenue,disabled
62-3743588,10,divorced,1273,3120 Golden Leaf Park,student
25-1662172,4,married,1123,0549 Forest Dale Point,senior
39-9167115,9,single,1949,84777 Old Shore Way,student
28-3271108,8,single,1310,76850 Goodland Hill,disabled
51-5694460,8,divorced,1721,1753 Carpenter Point,senior
65-6762665,7,single,1221,98610 Shelley Center,senior
91-1686906,8,divorced,1628,43469 Rockefeller Drive,senior
89-0294610,1,married,1928,49 Brickson Park Hill,student
85-8829429,1,divorced,1507,5971 Dunning Plaza,student
50-8121153,6,married,1015,68 Kings Avenue,student
74-9944143,7,single,1899,2635 Debs Park,military
37-7403932,9,single,1066,13 New Castle Road,senior
77-7004016,4,married,1881,9745 Loeprich Parkway,student
60-6403030,3,divorced,1077,0461 Green Hill,student
10-1333205,2,divorced,1154,7110 Ludington Park,disabled
59-5493700,5,married,1996,1 3rd Avenue,student
55-3614681,8,divorced,1546,3 Welch Point,military
40-5464360,10,married,1847,66 Bunting Way,student
31-5001530,1,divorced,1992,700 Gulseth Lane,military
83-4644154,8,single,1153,9251 Butterfield Circle,student
13-0977494,5,divorced,1691,27714 Moose Plaza,student
72-4330104,3,single,1918,66490 Londonderry Avenue,disabled
68-9629907,5,married,1170,77 Bartillon Hill,military
56-7035593,4,divorced,1004,320 Sachtjen Court,disabled
14-7424179,4,divorced,1755,29250 Brickson Park Pass,student
43-5719294,6,divorced,1743,9776 Anhalt Circle,student
96-9413816,7,married,1427,6 Steensland Way,senior
70-8304161,8,married,1398,46488 Chive Way,disabled
64-7747970,6,married,1428,412 Meadow Valley Parkway,student
00-2303603,9,married,1989,79787 Butternut Terrace,military
22-4697713,10,married,1279,34403 Thackeray Alley,student
16-1276319,5,married,1910,78 Dwight Way,senior
92-5584675,6,married,1635,7022 Merry Plaza,student
72-2979700,6,divorced,1191,49739 Graceland Road,student
35-9074004,10,single,1099,5155 Arapahoe Plaza,senior
46-7808153,4,divorced,1374,0957 Bobwhite Drive,student
48-7748857,1,married,1781,31 Bobwhite Terrace,student
53-2456681,8,single,1245,95633 Caliangt Terrace,senior
49-8684141,1,divorced,1127,529 Bluejay Parkway,disabled
04-3302383,4,divorced,1251,064 Fieldstone Street,disabled
14-9093009,7,divorced,1784,728 Manley Point,senior
44-0720777,5,divorced,1793,1 Memorial Way,military
98-3389554,7,single,1936,7954 Mosinee Alley,student
17-4460679,8,single,1532,60 Norway Maple Avenue,military
12-0973493,8,married,1896,293 Northfield Place,student
89-9587704,1,single,1254,1493 Moose Center,disabled
80-0797140,7,single,1626,1 Ludington Center,military
22-5759838,6,single,1035,75 1st Center,senior
87-6620620,10,single,1294,740 Troy Plaza,student
99-1271496,4,single,1988,781 Transport Parkway,disabled
04-0944888,9,single,1425,99 Chinook Point,military
68-3036608,7,single,1488,54 Talmadge Point,military
69-6085558,3,married,1587,0 Badeau Lane,senior
68-8359193,5,single,1527,894 Coleman Avenue,senior
81-1248802,2,married,1886,02 Thierer Terrace,senior
07-8469557,9,divorced,1601,8443 Forest Dale Terrace,military
86-4653160,7,married,1002,70155 West Hill,military
04-7036458,10,divorced,1646,88 Superior Trail,student
26-6128958,8,single,1492,10 Sherman Plaza,military
50-4881917,7,single,1534,343 Jay Hill,disabled
95-2550622,8,single,1137,11 Sycamore Alley,student
87-6287521,3,married,1276,63486 Green Parkway,student
97-8749009,4,married,1533,22 Westend Point,student
82-0107857,2,single,1462,41387 Nevada Hill,military
47-4007197,5,single,1092,30 Derek Avenue,senior
34-0307705,4,married,1145,0515 Moland Parkway,student
29-6564534,10,divorced,1512,64 Browning Crossing,student
49-2384291,5,divorced,1638,11 Elka Trail,senior
99-0670899,5,divorced,1632,6883 Gateway Drive,senior
29-4514111,6,single,1956,0 Hoard Junction,disabled
14-0607778,9,divorced,1989,438 Randy Street,student
36-3874721,9,married,1770,4 Oak Valley Trail,senior
96-9649771,5,divorced,1015,50490 Ridgeview Road,senior
89-3841515,7,divorced,1661,57674 Transport Park,disabled
66-1265109,5,single,1243,3 Delladonna Way,military
77-0195776,1,married,1041,152 Boyd Avenue,student
44-0327677,1,divorced,1005,51964 Prairie Rose Point,student
68-9238856,1,divorced,1232,4 Dakota Center,student
52-1169637,3,married,1997,77600 Loeprich Drive,senior
04-6865043,6,married,1920,080 Bultman Way,student
06-2587188,6,married,1460,2377 Luster Way,disabled
15-8898498,6,single,1056,537 Schmedeman Plaza,disabled
27-6028823,3,single,1269,5884 Gina Circle,senior
82-9232377,9,single,1661,0 Warbler Plaza,disabled
11-0946863,5,divorced,1953,911 Hooker Crossing,student
61-9127684,1,single,1710,8451 Acker Way,disabled
83-3160872,6,divorced,1260,08 Bowman Drive,senior
95-1791782,5,divorced,1125,033 Vernon Road,senior
80-1265300,3,single,1566,535 Reindahl Hill,senior
70-1465131,6,single,1924,61726 Johnson Place,senior
62-5630182,4,divorced,1695,24925 Thierer Plaza,student
40-4277082,9,single,1032,850 Arrowood Circle,student
73-2249194,8,divorced,1140,8 Florence Crossing,disabled
48-2195125,5,single,1623,3067 Kim Hill,disabled
57-7686007,8,single,1466,13014 Golf Course Court,disabled
96-3637950,6,divorced,1677,784 Onsgard Parkway,military
43-9180095,1,divorced,1633,36899 Di Loreto Point,disabled
25-1741809,9,married,1252,2761 Wayridge Street,senior
62-0672692,5,married,1157,70355 Johnson Center,senior
24-4349287,6,single,1685,1448 Kipling Point,military
64-5946768,2,married,1453,76885 Elmside Parkway,military
68-5602519,10,divorced,1793,876 Debs Court,senior
88-5254881,3,single,1477,41486 Tomscot Alley,disabled
87-4259762,4,single,1961,8864 Swallow Alley,military
37-0873547,5,married,1592,19302 Petterle Lane,disabled
35-3685132,2,single,1072,8660 Cambridge Crossing,senior
38-7234278,8,divorced,1135,15 Riverside Lane,senior
49-3399394,6,divorced,1295,8 Portage Parkway,senior
90-7721123,9,divorced,1786,763 Havey Hill,military
87-3285288,2,single,1494,6984 Merrick Point,student
66-2799599,6,divorced,1081,62201 Armistice Court,student
26-6932308,1,single,1152,31079 Welch Center,disabled
67-6394513,6,divorced,1127,425 Hudson Lane,student
94-1618280,5,married,1336,2 Sommers Way,disabled
95-3931474,10,single,1278,936 Ramsey Avenue,student
92-3017767,7,single,1184,963 Arrowood Hill,senior
02-2490270,3,single,1252,439 Hagan Place,disabled
91-4511460,1,married,1888,2 4th Place,disabled
16-6219451,6,single,1850,18 Pawling Parkway,disabled
45-1118636,2,single,1204,7940 Farwell Point,military
02-8107440,10,divorced,1915,20881 Dixon Center,senior
89-3632383,4,divorced,1270,7731 Cordelia Lane,disabled
29-8499594,6,divorced,1560,38 Nancy Point,student
88-1934826,7,single,1626,94313 Banding Plaza,disabled
05-5525563,7,single,1607,8954 Main Crossing,senior
34-1764907,7,divorced,1588,7167 Burning Wood Lane,student
39-6846300,8,married,1814,435 Anderson Avenue,military
37-3965628,9,single,1136,60 Mockingbird Center,student
55-3493785,6,married,1926,43 Loftsgordon Pass,student
36-3325433,6,divorced,1940,31 Thackeray Crossing,military
88-8041480,3,single,1301,68415 Emmet Park,student
66-9375486,5,married,1255,0141 Truax Court,disabled
76-3684455,6,married,1281,16 Shopko Way,student
77-0561382,4,divorced,1078,408 Hanson Terrace,disabled
84-0791611,10,married,1528,5 Colorado Park,senior
31-7733153,6,divorced,1953,0 Talmadge Way,student
04-1155165,2,single,1759,2775 Hintze Drive,military
84-4588216,7,single,1506,54852 Manley Drive,senior
27-6752746,4,single,1332,3869 Alpine Hill,disabled
40-5371288,4,single,1610,692 Pond Lane,senior
13-0859849,1,divorced,1152,60008 Lakewood Circle,disabled
74-6133275,6,divorced,1795,30993 Golf View Center,senior
90-7729000,9,divorced,1690,8224 Hansons Park,disabled
52-0880121,3,divorced,1637,0572 Laurel Lane,student
83-0415823,5,single,1223,2828 Stuart Trail,disabled
40-7624986,9,single,1919,05749 Magdeline Plaza,student
86-3959552,9,married,1159,827 Novick Park,senior
75-5134751,1,divorced,1024,6366 Superior Point,disabled
01-3694361,8,divorced,1160,8 Heath Center,disabled
99-3620726,7,single,1746,34810 Kensington Street,student
12-1762008,6,married,1743,29 Longview Point,disabled
41-6924109,6,single,1877,24100 Westport Lane,military
10-3586231,8,married,1418,1 Browning Place,disabled
56-0685853,5,divorced,1491,7 Mitchell Alley,senior
99-5130569,10,single,1691,8441 Park Meadow Junction,senior
82-6427999,1,single,1455,540 Spenser Center,military
06-3132799,5,divorced,1510,80 Donald Avenue,student
36-4740293,1,divorced,1699,113 Calypso Court,senior
62-7324416,4,divorced,1127,75 Brickson Park Court,military
77-6436430,7,single,1955,4349 Banding Parkway,student
29-4836606,1,married,1293,7 Pierstorff Trail,military
93-0658675,10,married,1672,012 Hermina Avenue,disabled
85-1437300,1,married,1477,5820 Fair Oaks Crossing,senior
41-5686455,2,single,1965,0 Straubel Terrace,disabled
89-4545149,6,single,1297,91 Wayridge Lane,senior
14-0090795,9,single,1661,1 Northwestern Terrace,disabled
19-8487487,2,divorced,1771,29 Porter Street,student
02-9853534,9,married,1265,31610 Jackson Plaza,military
02-0032601,10,divorced,1563,0704 Twin Pines Lane,senior
83-1866544,3,divorced,1616,997 Norway Maple Pass,senior
01-3407629,8,divorced,1172,282 Hanson Terrace,senior
10-8249884,9,single,1334,1746 Miller Circle,military
67-6319177,10,single,1231,79913 Sachs Lane,student
71-2552359,3,divorced,1505,0284 Vernon Hill,student
10-8579735,7,single,1792,53 Hanover Place,disabled
46-7818133,7,married,1320,9 Corscot Park,military
46-4474362,7,single,1142,8040 Merchant Center,senior
27-9524027,4,married,1261,64430 Carberry Street,senior
